name,datetime,tempmax,tempmin,temp,feelslikemax,feelslikemin,feelslike,dew,humidity,precip,precipprob,precipcover,preciptype,snow,snowdepth,windgust,windspeed,winddir,sealevelpressure,cloudcover,visibility,solarradiation,solarenergy,uvindex,severerisk,sunrise,sunset,moonphase,conditions,description,icon,stations
dublin,2021-01-01,4.8,-1.6,2,1.8,-6.1,-1.9,0.6,90.4,0.969,100,4.17,rain,0,0.3,40.7,21.3,311.1,1016.9,35.3,22.6,20.2,1.7,2,,2021-01-01T08:40:18,2021-01-01T16:17:18,0.58,"Rain, Partially cloudy",Partly cloudy throughout the day with early morning rain.,rain,"03971099999,F4142,EIDW,E7034,03969099999,03967099999,EIME"
dublin,2021-01-02,3.1,-2.2,0.4,-1,-7.2,-4.2,-0.7,92.4,0.078,100,4.17,rain,0,0.1,42.5,22.6,289.3,1021.3,47.6,18.4,14.8,1.2,1,,2021-01-02T08:40:05,2021-01-02T16:18:27,0.62,"Rain, Partially cloudy",Partly cloudy throughout the day with afternoon rain.,rain,"03971099999,F6683,F4142,EIDW,03969099999,03967099999,EIME,03961099999"
dublin,2021-01-03,3.1,-1.9,0.5,-0.6,-6.4,-3.6,-1.1,89.1,0.796,100,4.17,rain,0,0,51.8,22,339.1,1024.5,59.2,16.6,11.9,1,1,,2021-01-03T08:39:50,2021-01-03T16:19:39,0.65,"Rain, Partially cloudy",Partly cloudy throughout the day with late afternoon rain.,rain,"03971099999,F6683,F4142,EIDW,03969099999,03967099999,EIME,03961099999"
dublin,2021-01-04,4.7,2.2,3.5,0.4,-2,-0.7,0.4,80.1,3.153,100,12.5,rain,0,0,48.6,24,51.3,1027.4,71.3,16.4,9.4,0.8,1,,2021-01-04T08:39:31,2021-01-04T16:20:54,0.69,"Rain, Partially cloudy",Partly cloudy throughout the day with rain.,rain,"03971099999,F6683,F4142,EIDW,03969099999,F8809,03967099999,EIME,03961099999"
dublin,2021-01-05,4.6,1.4,2.7,0.4,-2.6,-1.3,0,82.5,0.518,100,8.33,rain,0,0,45.7,22.8,25.7,1028.2,71.1,17.7,17.2,1.4,1,,2021-01-05T08:39:08,2021-01-05T16:22:11,0.73,"Rain, Partially cloudy",Partly cloudy throughout the day with rain.,rain,"03971099999,F6683,F4142,EIDW,03969099999,03967099999,EIME"
dublin,2021-01-06,2.3,-1.9,1,-0.2,-6.1,-2.5,-0.2,92,3.856,100,12.5,"rain,snow",0.1,0.4,24.1,16.5,315.4,1024.9,78.1,17.1,14.9,1.3,1,,2021-01-06T08:38:41,2021-01-06T16:23:31,0.75,"Snow, Rain, Partially cloudy",Partly cloudy throughout the day with a chance of rain or snow throughout the day.,snow,"03971099999,F6683,F4142,EIDW,03969099999,03967099999,EIME"
dublin,2021-01-07,1.1,-2.4,-0.2,-3.4,-6.1,-4.6,-1.2,93.3,0.284,100,12.5,"rain,snow",0,0.4,32.4,23.9,262.3,1020.1,66.3,14.7,17,1.4,1,,2021-01-07T08:38:12,2021-01-07T16:24:54,0.8,"Snow, Rain, Partially cloudy",Partly cloudy throughout the day with rain or snow.,rain,"03971099999,F6683,F4142,EIDW,03969099999,03967099999,EIME,03961099999"
dublin,2021-01-08,1.8,-4.6,-1.1,-2.1,-9.6,-6.1,-3.6,83.9,0,0,0,,0,0.2,40.7,26.6,319.3,1023.2,26,18,20,1.9,1,,2021-01-08T08:37:38,2021-01-08T16:26:19,0.83,Partially cloudy,Partly cloudy throughout the day.,partly-cloudy-day,"03971099999,F4142,EIDW,03969099999,03967099999,EIME,03961099999"
dublin,2021-01-09,2,-6.3,-1.8,-1.6,-10.6,-5.9,-4.6,82,0,0,0,,0,0,26.6,18.9,249.9,1027.1,34.4,18.6,28.4,2.5,2,,2021-01-09T08:37:02,2021-01-09T16:27:47,0.87,Partially cloudy,Partly cloudy throughout the day.,partly-cloudy-day,"03971099999,F4142,EIDW,03969099999,03967099999,EIME,03961099999"
dublin,2021-01-10,5.1,1.8,3.5,1.2,-2.7,-0.6,2.8,95.2,0.001,100,4.17,rain,0,0,39.2,22.4,242,1024.6,92.8,7.6,26.6,2.1,2,,2021-01-10T08:36:22,2021-01-10T16:29:16,0.9,"Rain, Overcast",Cloudy skies throughout the day with late afternoon rain.,rain,"03971099999,F4142,EIDW,03969099999,03967099999,EIME"
dublin,2021-01-11,9.1,4.9,7.3,5.7,0.5,3.4,6.1,92.2,0.526,100,12.5,rain,0,0,58,31.6,246.4,1013.8,93.2,11.9,14.1,1.2,1,,2021-01-11T08:35:38,2021-01-11T16:30:48,0.94,"Rain, Overcast",Cloudy skies throughout the day with rain.,rain,"03971099999,F6683,F4142,EIDW,03969099999,03967099999,EIME"
dublin,2021-01-12,9.1,4.8,6.2,6.3,2.5,3.8,4.7,90.3,9.518,100,16.67,rain,0,0.1,54.7,29.9,9.2,1015.2,93.3,15,16.8,1.5,1,,2021-01-12T08:34:51,2021-01-12T16:32:22,0.97,"Rain, Overcast",Cloudy skies throughout the day with a chance of rain throughout the day.,rain,"03971099999,F4142,EIDW,03969099999,F8809,03967099999,EIME"
dublin,2021-01-13,11,6.6,9.8,11,5.2,8.6,8.8,93.7,7.847,100,12.5,rain,0,0,40,29.8,236.6,1015.6,92.2,11.7,25.7,2.1,2,,2021-01-13T08:34:02,2021-01-13T16:33:58,0,"Rain, Overcast",Cloudy skies throughout the day with a chance of rain throughout the day.,rain,"03971099999,F6683,F4142,EIDW,03969099999,03967099999,EIME,03961099999"
dublin,2021-01-14,10,2.1,6.7,10,-1.5,3.2,5.3,90.5,0.182,100,8.33,rain,0,0,52.6,32.2,288.8,1020.5,63.6,16.8,26.6,2.2,2,,2021-01-14T08:33:08,2021-01-14T16:35:36,0.04,"Rain, Partially cloudy",Partly cloudy throughout the day with rain.,rain,"03971099999,F4142,EIDW,03969099999,03967099999,EIME,03961099999"
dublin,2021-01-15,8.8,-2,3.9,4.9,-4,1,2.1,89,0.001,100,4.17,"rain,snow",0,0,81.7,34.9,171.4,1024.6,72.2,13.3,22.4,1.8,1,,2021-01-15T08:32:12,2021-01-15T16:37:16,0.07,"Snow, Rain, Partially cloudy",Partly cloudy throughout the day with early morning snow or rain.,rain,"03971099999,F6683,F4142,EIDW,03969099999,03967099999,EIME"
dublin,2021-01-16,10.1,4.9,7,10.1,0.6,3.1,4.3,82.9,5.3,100,4.17,rain,0,0,74.8,35.3,251.6,1015.6,75.4,16.6,23.5,1.9,1,,2021-01-16T08:31:13,2021-01-16T16:38:57,0.11,"Rain, Partially cloudy",Partly cloudy throughout the day with early morning rain.,rain,"03971099999,F4142,EIDW,03969099999,03967099999,EIME"
dublin,2021-01-17,6,2.2,4.2,2.9,-2.4,0.2,2.1,86.3,0,0,0,,0,0,47.9,23.6,244.8,1024.6,63.4,20.4,16.9,1.4,1,,2021-01-17T08:30:11,2021-01-17T16:40:40,0.14,Partially cloudy,Partly cloudy throughout the day.,partly-cloudy-day,"03971099999,F4142,EIDW,03969099999,03967099999,EIME"
dublin,2021-01-18,8.9,4.1,6.3,7.1,0.3,3.6,4.5,88.7,0.815,100,8.33,rain,0,0,38.9,22.3,222,1015.7,86.4,15.6,16.8,1.4,1,,2021-01-18T08:29:06,2021-01-18T16:42:24,0.17,"Rain, Partially cloudy",Partly cloudy throughout the day with rain.,rain,"03971099999,F4142,EIDW,03969099999,03967099999,EIME"
dublin,2021-01-19,10.9,8.1,9.7,10.9,6.3,8.5,8.5,92.5,18.87,100,16.67,rain,0,0,57.6,30,221.1,994.4,92.9,12.5,19.3,1.7,1,,2021-01-19T08:27:58,2021-01-19T16:44:10,0.2,"Rain, Overcast",Cloudy skies throughout the day with a chance of rain throughout the day.,rain,"03971099999,F4142,EIDW,03969099999,03967099999,EIME"
dublin,2021-01-20,10.1,1.2,3.8,10.1,-4,0.7,3.1,94.7,7.371,100,16.67,"rain,snow",0.9,0.5,52.9,23.3,285.7,981.2,88.2,11.9,5.8,0.5,0,,2021-01-20T08:26:47,2021-01-20T16:45:57,0.25,"Snow, Rain, Partially cloudy",Partly cloudy throughout the day with a chance of rain or snow throughout the day.,snow,"03971099999,F6683,F4142,EIDW,03969099999,03967099999,EIME,03961099999"
dublin,2021-01-21,5.6,1,2.6,1.9,-4,-2.4,1.1,89.9,0,0,0,,0,0.1,55.4,35,257.3,982.6,64.2,19.6,33.6,3,2,,2021-01-21T08:25:33,2021-01-21T16:47:46,0.27,Partially cloudy,Partly cloudy throughout the day.,partly-cloudy-day,"03971099999,F4142,EIDW,03969099999,03967099999,EIME,03961099999"
dublin,2021-01-22,3.9,0.3,1.4,0,-4.6,-2.9,0,90.7,0.149,100,4.17,rain,0,0,40.3,22.1,256.3,991.7,55.6,17.3,28.8,2.6,2,,2021-01-22T08:24:17,2021-01-22T16:49:35,0.3,"Rain, Partially cloudy",Clearing in the afternoon with late afternoon rain.,rain,"03971099999,F4142,EIDW,03969099999,03967099999,EIME,03961099999"
dublin,2021-01-23,3.1,-1.3,0.3,-0.9,-7,-3.8,-1.8,86.1,0,0,0,,0,0.1,35.6,22.5,255,996.6,74.1,17.1,40.4,3.6,2,,2021-01-23T08:22:58,2021-01-23T16:51:26,0.33,Partially cloudy,Partly cloudy throughout the day.,partly-cloudy-day,"03971099999,F4142,EIDW,03969099999,03967099999,EIME"
dublin,2021-01-24,1.3,-2.2,-0.4,-1,-6.4,-4,-1.3,94.1,0.716,100,12.5,"rain,snow",1.2,0.9,34.2,17.1,291.4,998.3,69.3,11,15.4,1.4,1,,2021-01-24T08:21:36,2021-01-24T16:53:18,0.36,"Snow, Rain, Partially cloudy",Partly cloudy throughout the day with a chance of rain or snow throughout the day.,snow,"03971099999,F4142,EIDW,03969099999,03967099999,EIME,03961099999"
dublin,2021-01-25,3.1,-1.4,0.8,-0.4,-6.4,-3.2,-1.8,83.1,0,0,0,,0,0.4,28.8,18.1,234.7,1011,48.8,21.2,38.5,3.4,2,,2021-01-25T08:20:12,2021-01-25T16:55:10,0.39,Partially cloudy,Partly cloudy throughout the day.,partly-cloudy-day,"03971099999,F4142,EIDW,03969099999,03967099999,EIME"
dublin,2021-01-26,9.8,2.4,6.7,7.7,-0.5,3.8,5.2,89.8,1.419,100,8.33,rain,0,0,47.5,25.3,209.5,1008.8,93.1,16.1,22.4,1.9,2,,2021-01-26T08:18:46,2021-01-26T16:57:04,0.43,"Rain, Overcast",Cloudy skies throughout the day with rain in the morning and afternoon.,rain,"03971099999,F4142,EIDW,03969099999,03967099999,EIME"
dublin,2021-01-27,10.8,8,8.8,10.8,5.3,7.3,7.7,93.1,3.001,100,12.5,rain,0,0,29.2,16.1,166.2,1008.1,92.2,13.3,18.3,1.6,1,,2021-01-27T08:17:17,2021-01-27T16:58:58,0.46,"Rain, Overcast",Cloudy skies throughout the day with rain.,rain,"03971099999,F4142,EIDW,03969099999,03967099999,EIME"
dublin,2021-01-28,11.6,8,10,11.6,5.2,8.9,8.1,87.5,7.662,100,8.33,rain,0,0,51.8,32.6,229.5,996.2,83.4,15.2,19.4,1.5,1,,2021-01-28T08:15:46,2021-01-28T17:00:53,0.5,"Rain, Partially cloudy",Partly cloudy throughout the day with rain.,rain,"03971099999,F4142,EIDW,03969099999,03967099999,EIME"
dublin,2021-01-29,9.1,5.8,7.4,6.2,1.8,4.2,6,91,1.053,100,16.67,rain,0,0,57.6,35.4,266.3,997.1,89.8,11.9,18.4,1.5,1,,2021-01-29T08:14:12,2021-01-29T17:02:48,0.52,"Rain, Partially cloudy",Partly cloudy throughout the day with a chance of rain throughout the day.,rain,"03971099999,F4142,EIDW,03969099999,F8809,03967099999,EIME,03961099999"
dublin,2021-01-30,6,3.7,4.5,1.5,-2.9,-1.2,2.6,88,20.823,100,16.67,rain,0.3,0.3,79.2,49.1,81.2,997.6,95.7,10.6,8.9,0.7,1,,2021-01-30T08:12:36,2021-01-30T17:04:44,0.56,"Rain, Overcast",Cloudy skies throughout the day with a chance of rain or snow throughout the day.,snow,"03971099999,F6683,F4142,EIDW,03969099999,F8809,03967099999,EIME"
dublin,2021-01-31,3.8,1.9,3,-0.1,-4,-1.7,0.8,86.5,6.139,100,8.33,"rain,snow",1.1,0.8,50,30.9,116.5,995.9,89.6,13.4,8,0.6,0,,2021-01-31T08:10:59,2021-01-31T17:06:41,0.6,"Snow, Rain, Partially cloudy",Partly cloudy throughout the day with rain or snow.,snow,"03971099999,F4142,EIDW,03969099999,F8809,03967099999,EIME,03961099999"
dublin,2021-02-01,6.1,2.9,4.6,3.8,-0.4,2,3.5,92.6,0.414,100,16.67,rain,0,0.2,48.2,25.2,126.6,994.4,92.5,13.5,27,2.4,1,,2021-02-01T08:09:19,2021-02-01T17:08:38,0.63,"Rain, Overcast",Cloudy skies throughout the day with a chance of rain throughout the day.,rain,"03971099999,F6683,F4142,EIDW,03969099999,03967099999,EIME"
dublin,2021-02-02,9.6,5.8,7.8,8.2,2,5.3,6.8,93.8,16.269,100,12.5,rain,0,0,54.4,23,144.2,985.5,89.7,10.7,34,2.9,2,,2021-02-02T08:07:37,2021-02-02T17:10:35,0.67,"Rain, Partially cloudy",Partly cloudy throughout the day with a chance of rain throughout the day.,rain,"03971099999,F6683,F4142,EIDW,03969099999,03967099999,EIME,03961099999"
dublin,2021-02-03,8,6.3,7.2,5.2,2.6,4,4.7,84.4,1.283,100,8.33,rain,0,0,53.6,28.1,221.6,991.4,87,15.3,38.3,3.4,2,,2021-02-03T08:05:53,2021-02-03T17:12:33,0.7,"Rain, Partially cloudy",Partly cloudy throughout the day with rain.,rain,"03971099999,F6683,F4142,EIDW,03969099999,03967099999,EIME,03961099999"
dublin,2021-02-04,9.6,6.5,7.6,7.5,3,4.9,5.6,87.1,2.528,100,16.67,rain,0,0,59.4,27.8,199.4,1000.4,87.6,15.4,41,3.5,3,,2021-02-04T08:04:07,2021-02-04T17:14:31,0.75,"Rain, Partially cloudy",Partly cloudy throughout the day with a chance of rain throughout the day.,rain,"03971099999,F6683,F4142,EIDW,03969099999,03967099999,EIME,03961099999"
dublin,2021-02-05,6,2.3,4.3,4.5,0.5,1.9,3.3,92.8,0.149,100,8.33,rain,0,0,23.8,16.5,264.4,1004.9,90.9,14.6,35.3,2.9,3,,2021-02-05T08:02:19,2021-02-05T17:16:29,0.78,"Rain, Overcast",Cloudy skies throughout the day with rain.,rain,"03971099999,F4142,EIDW,03969099999,F8809,03967099999,EIME"
dublin,2021-02-06,6,3.8,5.3,2.5,0.3,1.6,4,91.1,1.257,100,16.67,rain,0,0,43.6,26.8,42.8,1009.4,93.4,14.6,17.1,1.5,1,,2021-02-06T08:00:30,2021-02-06T17:18:27,0.81,"Rain, Overcast",Cloudy skies throughout the day with a chance of rain throughout the day.,rain,"03971099999,F4142,EIDW,03969099999,03967099999,EIME"
dublin,2021-02-07,4.8,1.8,3.1,-0.3,-4.8,-2.8,-1.1,74.6,0.919,100,8.33,rain,0,0,64.8,38.6,86.2,1010.8,92.5,16.9,13.5,1.2,1,,2021-02-07T07:58:39,2021-02-07T17:20:25,0.85,"Rain, Overcast",Cloudy skies throughout the day with rain.,rain,"03971099999,F4142,EIDW,03969099999,F8809,03967099999,EIME,03961099999"
dublin,2021-02-08,2,0.4,1.6,-3.6,-5.7,-4.6,-4.1,66.3,0.173,100,4.17,"rain,snow",0,0,61.2,40.1,82,1009.6,87.9,15.5,19.8,1.6,1,,2021-02-08T07:56:46,2021-02-08T17:22:24,0.88,"Snow, Rain, Partially cloudy",Partly cloudy throughout the day with late afternoon rain or snow.,rain,"03971099999,F4142,EIDW,03969099999,F8809,03967099999,EIME,03961099999"
dublin,2021-02-09,1.9,0.4,1.1,-4.3,-5.9,-5.1,-3.9,69.2,1.122,100,8.33,"rain,snow",0.9,0.6,63,37.7,86.5,1009.4,88.3,12.6,26.2,2.3,2,,2021-02-09T07:54:51,2021-02-09T17:24:22,0.92,"Snow, Rain, Partially cloudy",Partly cloudy throughout the day with rain or snow.,snow,"03971099999,F6683,F4142,EIDW,03969099999,03967099999,EIME"
dublin,2021-02-10,3,-0.3,1.1,2.6,-6,-3.9,-5,63.9,0.324,100,4.17,"rain,snow",0,1,46.4,34.1,89,1019,71.6,12.5,56.3,4.9,4,,2021-02-10T07:52:55,2021-02-10T17:26:21,0.95,"Snow, Rain, Partially cloudy",Partly cloudy throughout the day with early morning snow or rain.,rain,"03971099999,F6683,F4142,EIDW,03969099999,03967099999,EIME"
dublin,2021-02-11,2,0,1,-4.2,-6.9,-5.2,-5.2,63.4,0.7,100,20.83,"rain,snow",0,0.1,70.2,36,115.6,1022.3,83,10.4,19.3,1.4,1,,2021-02-11T07:50:57,2021-02-11T17:28:19,0,"Snow, Rain, Partially cloudy",Partly cloudy throughout the day with rain or snow.,rain,"03971099999,F6683,F4142,EIDW,03969099999,03967099999,EIME"
dublin,2021-02-12,4,1,2.4,-1.5,-5.8,-3.5,-4.5,60.8,0.4,100,16.67,"rain,snow",0,0,180,36,107.2,1024.1,88,10,52.8,4.5,3,,2021-02-12T07:48:58,2021-02-12T17:30:18,0.02,"Snow, Rain, Partially cloudy",Partly cloudy throughout the day with rain or snow clearing later.,rain,"F6683,F4142,EIDW,EIME,03967099999"
dublin,2021-02-13,4.3,0,2.4,-1.6,-6.9,-4,-0.2,83.3,0.622,100,4.17,"rain,snow",1.6,1,73.3,45.9,137.9,1019.9,88.6,7.8,28.4,2.2,3,,2021-02-13T07:46:58,2021-02-13T17:32:16,0.05,"Snow, Rain, Partially cloudy",Partly cloudy throughout the day with afternoon rain or snow.,snow,"03971099999,F6683,F4142,EIDW,03969099999,EIME,03967099999"
dublin,2021-02-14,12.1,4.6,8.6,12.1,-0.8,5.3,6.2,85.4,0.206,100,8.33,rain,0,0,79.9,43.7,167.9,1007.5,73.7,13.2,43.9,3.8,2,,2021-02-14T07:44:56,2021-02-14T17:34:14,0.09,"Rain, Partially cloudy",Partly cloudy throughout the day with rain in the morning and afternoon.,rain,"03971099999,F6683,F4142,EIDW,03969099999,03967099999,EIME"
dublin,2021-02-15,12.1,7.1,9.5,12.1,4.3,7.5,6.2,80.3,1.001,100,8.33,rain,0,0,59.8,35.4,182,1008.1,67.6,17.3,67,5.7,4,,2021-02-15T07:42:52,2021-02-15T17:36:12,0.12,"Rain, Partially cloudy",Partly cloudy throughout the day with rain in the morning and afternoon.,rain,"03971099999,F4142,EIDW,03969099999,F8809,03967099999,EIME"
dublin,2021-02-16,10.5,7.1,8.9,10.5,3.6,6.3,4.9,76.1,0.326,100,12.5,rain,0,0,63,33.9,208.3,999.9,52.6,19.8,61.7,5.3,3,,2021-02-16T07:40:48,2021-02-16T17:38:10,0.15,"Rain, Partially cloudy",Partly cloudy throughout the day with rain.,rain,"03971099999,F4142,EIDW,03969099999,03967099999,EIME"
dublin,2021-02-17,9.7,5.6,7.9,6.4,1.4,4.4,4,76.6,0.565,100,8.33,rain,0,0,76,31.9,192.3,997.1,72.4,18.6,62.7,5.5,3,,2021-02-17T07:38:42,2021-02-17T17:40:08,0.18,"Rain, Partially cloudy",Partly cloudy throughout the day with rain.,rain,"03971099999,F4142,EIDW,03969099999,03967099999,EIME"
dublin,2021-02-18,10,1.8,5.8,6.6,-2.8,1.5,2.7,80.4,3.339,100,16.67,rain,0,0,71.3,39.3,217.8,993.3,71.5,19.6,79.2,6.9,4,,2021-02-18T07:36:35,2021-02-18T17:42:05,0.22,"Rain, Partially cloudy",Partly cloudy throughout the day with a chance of rain throughout the day.,rain,"03971099999,F4142,EIDW,03969099999,03967099999,EIME,03961099999"
dublin,2021-02-19,11.8,6.9,9.7,11.8,2.6,7.8,6.9,82.6,0.632,100,4.17,rain,0,0,88.9,43.9,175.1,990.8,88.3,12.8,50.2,4.4,4,,2021-02-19T07:34:27,2021-02-19T17:44:03,0.25,"Rain, Partially cloudy",Partly cloudy throughout the day with morning rain.,rain,"03971099999,F4142,EIDW,03969099999,03967099999,EIME"
dublin,2021-02-20,12,7,9.5,12,2.7,7.3,6.8,83.3,1.021,100,4.17,rain,0,0,81,47.5,177.8,988.7,66.8,12.4,40.3,3.4,2,,2021-02-20T07:32:17,2021-02-20T17:46:00,0.28,"Rain, Partially cloudy",Partly cloudy throughout the day with late afternoon rain.,rain,"03971099999,F6683,F4142,EIDW,03969099999,EIME,03967099999,03961099999"
dublin,2021-02-21,11.6,6.9,8.6,11.6,3.2,5.9,3.5,70.5,0.029,100,8.33,rain,0,0,66.6,34,200.7,1002,75.6,18.2,85.6,7.4,4,,2021-02-21T07:30:07,2021-02-21T17:47:56,0.31,"Rain, Partially cloudy",Partly cloudy throughout the day with rain.,rain,"03971099999,F4142,EIDW,03969099999,03967099999,EIME,03961099999"
dublin,2021-02-22,11.1,3.4,7.6,11.1,0.1,5.1,2.6,71.5,0.001,100,4.17,rain,0,0,61.6,33.7,189.8,1011.2,53.7,19.4,90.3,7.7,4,,2021-02-22T07:27:56,2021-02-22T17:49:53,0.34,"Rain, Partially cloudy",Becoming cloudy in the afternoon with early morning rain.,rain,"03971099999,F4142,EIDW,03969099999,03967099999,EIME,03961099999"
dublin,2021-02-23,13.2,8.9,10.9,13.2,4.4,9.5,8.4,84.2,4.774,100,12.5,rain,0,0,89.7,51.4,188.6,1005,92.5,14.2,48.4,4.2,3,,2021-02-23T07:25:43,2021-02-23T17:51:49,0.38,"Rain, Overcast",Cloudy skies throughout the day with rain.,rain,"03971099999,F4142,EIDW,03969099999,03967099999,EIME,03961099999"
dublin,2021-02-24,10.6,7.1,9.4,10.6,4.1,7.6,5.9,79.2,4.318,100,12.5,rain,0,0,69.1,34.5,215.5,1011.4,89.5,18.9,54.6,4.8,4,,2021-02-24T07:23:30,2021-02-24T17:53:45,0.41,"Rain, Partially cloudy",Partly cloudy throughout the day with rain.,rain,"03971099999,F4142,EIDW,03969099999,03967099999,EIME,03961099999"
dublin,2021-02-25,9.5,3.2,6.1,6.6,0.5,3,2.3,77,0.226,100,12.5,rain,0,0,41.4,23.9,242,1025.7,29.4,19.5,84,7.5,5,,2021-02-25T07:21:16,2021-02-25T17:55:41,0.44,"Rain, Partially cloudy",Partly cloudy throughout the day with rain.,rain,"03971099999,F4142,EIDW,03969099999,03967099999,EIME"
dublin,2021-02-26,11.2,2.3,6.6,11.2,-0.6,4.6,3.1,78.7,0,0,0,,0,0,36.7,20.2,210.7,1035.3,38.5,23.2,86.8,7.5,5,,2021-02-26T07:19:01,2021-02-26T17:57:36,0.47,Partially cloudy,Partly cloudy throughout the day.,partly-cloudy-day,"03971099999,F4142,EIDW,03969099999,03967099999,EIME"
dublin,2021-02-27,11.6,4.4,7.5,11.6,1.6,6.2,3.9,78.5,0.002,100,4.17,rain,0,0,20.9,13.2,219.3,1040.1,53.9,23.2,53.9,4.7,2,,2021-02-27T07:16:45,2021-02-27T17:59:31,0.5,"Rain, Partially cloudy",Partly cloudy throughout the day with afternoon rain.,rain,"03971099999,F4142,EIDW,03969099999,03967099999,EIME"
dublin,2021-02-28,10.1,1.9,6,10.1,-0.5,4.6,3.5,85.2,0,0,0,,0,0,23.4,15.8,86.1,1037.6,41.1,17.4,106.5,9.2,5,,2021-02-28T07:14:28,2021-02-28T18:01:26,0.54,Partially cloudy,Partly cloudy throughout the day.,partly-cloudy-day,"03971099999,F6683,F4142,EIDW,03969099999,03967099999,EIME,03961099999"
dublin,2021-03-01,9.3,-0.1,4.1,7,-3.2,1.6,3,92.3,0,0,0,,0,0,23.4,19.8,70.6,1031.1,49.5,8.5,70.2,6.2,4,,2021-03-01T07:12:11,2021-03-01T18:03:20,0.58,Partially cloudy,Partly cloudy throughout the day.,partly-cloudy-day,"03971099999,F4142,EIDW,03969099999,F8809,03967099999,EIME"
dublin,2021-03-02,7.1,-2.7,2.6,4.9,-5.5,0.5,1.5,92.9,0.001,100,4.17,snow,0,0,17.3,14.6,61.6,1029.1,76.6,4.4,49.2,4.2,3,,2021-03-02T07:09:52,2021-03-02T18:05:14,0.61,"Snow, Partially cloudy",Partly cloudy throughout the day with morning snow.,rain,"03971099999,F4142,EIDW,03969099999,F8809,03967099999,EIME,03961099999"
dublin,2021-03-03,5.3,3.9,4.4,2.5,0.8,1.6,2.7,88.6,0.001,100,4.17,rain,0,0,24.1,14.9,37.4,1028.1,96.8,5.6,18.7,1.4,1,,2021-03-03T07:07:34,2021-03-03T18:07:08,0.65,"Rain, Overcast",Cloudy skies throughout the day with late afternoon rain.,rain,"03971099999,F4142,EIDW,03969099999,F8809,03967099999,EIME,03961099999"
dublin,2021-03-04,5.1,2.4,4.1,2.2,-0.8,0.8,1,80.5,0,0,0,,0,0,35.6,24.2,51.4,1027.8,92.4,15.3,23.7,2,1,,2021-03-04T07:05:14,2021-03-04T18:09:02,0.68,Overcast,Cloudy skies throughout the day.,cloudy,"03971099999,F4142,EIDW,03969099999,F8809,03967099999,EIME,03961099999"
dublin,2021-03-05,4.9,-2.8,3.2,2.5,-5,0.2,-1.7,70.7,0.075,100,4.17,rain,0,0,31.3,19.3,109.6,1033.3,79.2,18.6,50,4.4,2,,2021-03-05T07:02:54,2021-03-05T18:10:55,0.72,"Rain, Partially cloudy",Partly cloudy throughout the day with early morning rain.,rain,"03971099999,F4142,EIDW,03969099999,F8809,03967099999,EIME,03961099999"
dublin,2021-03-06,7.2,-2.1,2.9,4.8,-5.6,0.9,-2,71.2,0,0,0,,0,0,22.7,17.1,196.2,1033.5,76.6,18.9,85.4,7.3,4,,2021-03-06T07:00:34,2021-03-06T18:12:48,0.75,Partially cloudy,Partly cloudy throughout the day.,partly-cloudy-day,"03971099999,F6683,F4142,EIDW,03969099999,03967099999,EIME"
dublin,2021-03-07,9.7,0.1,4.2,8.5,-3.6,1.9,-1.2,68.7,0,0,0,,0,0,16.6,13.4,235.4,1027.8,23.8,19.8,112,9.6,5,,2021-03-07T06:58:13,2021-03-07T18:14:41,0.79,Partially cloudy,Partly cloudy throughout the day.,partly-cloudy-day,"03971099999,F6683,F4142,EIDW,03969099999,03967099999,EIME,03961099999"
dublin,2021-03-08,10.6,4.8,7.1,10.6,1.7,4.6,3.2,76.9,0.081,100,8.33,rain,0,0,35.3,19.7,232.5,1022.5,85.2,19.9,87.9,7.5,4,,2021-03-08T06:55:51,2021-03-08T18:16:33,0.82,"Rain, Partially cloudy",Partly cloudy throughout the day with rain.,rain,"03971099999,F4142,EIDW,03969099999,F8809,03967099999,EIME,03961099999"
dublin,2021-03-09,10,6.3,8.3,7.2,3.8,5,5.6,82.9,0.506,100,8.33,rain,0,0,71.4,43.5,201.6,1012.5,91.5,18,33.8,2.8,1,,2021-03-09T06:53:29,2021-03-09T18:18:26,0.86,"Rain, Overcast",Cloudy skies throughout the day with rain.,rain,"03971099999,F6683,F4142,EIDW,03969099999,03967099999,EIME"
dublin,2021-03-10,12.7,7,9.3,12.7,4.4,7.3,7.1,86.3,4.166,100,12.5,rain,0,0,68.8,44.9,216.7,991.6,86.6,13.9,35.2,3.1,2,,2021-03-10T06:51:06,2021-03-10T18:20:18,0.9,"Rain, Partially cloudy",Partly cloudy throughout the day with rain.,rain,"03971099999,F6683,F4142,EIDW,03969099999,03967099999,EIME,03961099999"
dublin,2021-03-11,8.9,2.9,5.8,4.6,-3,1.1,2.7,80.6,2.351,100,16.67,rain,0,0,78.4,50.4,253.2,989.3,73.2,16.6,88.9,7.6,3,,2021-03-11T06:48:43,2021-03-11T18:22:09,0.93,"Rain, Partially cloudy",Partly cloudy throughout the day with a chance of rain throughout the day.,rain,"03971099999,F6683,F4142,EIDW,03969099999,03967099999,EIME,03961099999"
dublin,2021-03-12,7.7,1.8,4.9,3.6,-3.8,0.3,2.1,82.6,3.391,100,16.67,"rain,snow",0,0,61.9,32.9,234.7,993.1,80.5,18,127.1,10.9,5,,2021-03-12T06:46:20,2021-03-12T18:24:01,0.97,"Snow, Rain, Partially cloudy",Partly cloudy throughout the day with a chance of rain or snow throughout the day.,rain,"03971099999,F6683,F4142,EIDW,03969099999,03967099999,EIME,03961099999"
dublin,2021-03-13,7.1,2.9,4.7,2.3,-3,-0.6,1.7,81.3,1.536,100,8.33,rain,0,0,72,40.7,268.1,994.2,78.8,19.2,121.4,10.4,6,,2021-03-13T06:43:57,2021-03-13T18:25:52,0,"Rain, Partially cloudy",Partly cloudy throughout the day with rain.,rain,"03971099999,F4142,EIDW,03969099999,03967099999,EIME"
dublin,2021-03-14,10.1,4,6.9,10.1,-0.8,3.2,4.7,85.6,5.125,100,8.33,rain,0,0,70.6,38.7,262.1,1013.9,74.9,16,67.3,5.7,3,,2021-03-14T06:41:33,2021-03-14T18:27:43,0.03,"Rain, Partially cloudy",Partly cloudy throughout the day with rain.,rain,"03971099999,F4142,EIDW,03969099999,03967099999,EIME"
dublin,2021-03-15,12.3,6.1,9.6,12.3,2.3,7.9,8,89.5,0.75,100,8.33,rain,0,0,45,30.2,270.3,1023.2,82.8,16,58,5.1,2,,2021-03-15T06:39:09,2021-03-15T18:29:34,0.07,"Rain, Partially cloudy",Partly cloudy throughout the day with rain in the morning and afternoon.,rain,"03971099999,F6683,F4142,EIDW,03969099999,03967099999,EIME,03961099999"
dublin,2021-03-16,13.4,6,10.2,13.4,2.8,8.6,6.7,80,0.327,100,8.33,rain,0,0,46.4,27.8,292.1,1031.9,67.1,18.1,124.7,10.9,6,,2021-03-16T06:36:44,2021-03-16T18:31:25,0.1,"Rain, Partially cloudy",Partly cloudy throughout the day with rain in the morning and afternoon.,rain,"03971099999,F6683,F4142,EIDW,03969099999,03967099999,EIME"
dublin,2021-03-17,12.9,2.7,7.7,12.9,-0.9,5.8,3.5,76.9,0.001,100,4.17,rain,0,0,32,23.8,289,1036.9,62.9,19.7,127.3,10.9,6,,2021-03-17T06:34:20,2021-03-17T18:33:15,0.13,"Rain, Partially cloudy",Partly cloudy throughout the day with afternoon rain.,rain,"03971099999,F4142,EIDW,03969099999,03967099999,EIME"
dublin,2021-03-18,14.4,8.1,10.1,14.4,5,8.6,8.1,87.5,0.026,100,8.33,rain,0,0,41,24.8,311.2,1033.8,82.7,18,78.7,6.6,4,,2021-03-18T06:31:55,2021-03-18T18:35:05,0.17,"Rain, Partially cloudy",Partly cloudy throughout the day with rain in the morning and afternoon.,rain,"03971099999,F4142,EIDW,03969099999,03967099999,EIME,03961099999"
dublin,2021-03-19,11.5,3,7.4,11.5,1.1,6,5.3,86.8,0,0,0,,0,0,36.7,22.5,343.8,1032.4,47.3,21.1,132.7,11.2,6,,2021-03-19T06:29:30,2021-03-19T18:36:55,0.2,Partially cloudy,Partly cloudy throughout the day.,partly-cloudy-day,"03971099999,F4142,EIDW,03969099999,03967099999,EIME"
dublin,2021-03-20,12.1,4.9,8.4,12.1,3.5,7.1,6.4,87.5,0,0,0,,0,0,31.3,21.9,288.4,1033.5,88.7,16,71.7,6.1,4,,2021-03-20T06:27:05,2021-03-20T18:38:45,0.23,Partially cloudy,Partly cloudy throughout the day.,partly-cloudy-day,"03971099999,F6683,F4142,EIDW,03969099999,03967099999,EIME"
dublin,2021-03-21,11.9,6.3,8.5,11.9,3.7,6.7,4.8,78.4,0,0,0,,0,0,24.8,19.2,299.7,1031.1,79.3,18.8,125.4,10.8,6,,2021-03-21T06:24:40,2021-03-21T18:40:35,0.25,Partially cloudy,Partly cloudy throughout the day.,partly-cloudy-day,"03971099999,F4142,EIDW,03969099999,03967099999,EIME"
dublin,2021-03-22,9.6,7.6,8.2,7.5,5.3,6.2,4.1,75.3,0,0,0,,0,0,25.2,17.9,234.5,1025.6,90.9,20.8,33,2.9,1,,2021-03-22T06:22:14,2021-03-22T18:42:25,0.3,Overcast,Cloudy skies throughout the day.,cloudy,"03971099999,F4142,EIDW,03969099999,03967099999,EIME,03961099999"
dublin,2021-03-23,11.3,5.7,8.6,11.3,3,6.7,4.2,74.1,0.007,100,4.17,rain,0,0,60.5,31.6,211.4,1017.2,80.9,21.6,75,6.3,3,,2021-03-23T06:19:49,2021-03-23T18:44:14,0.33,"Rain, Partially cloudy",Partly cloudy throughout the day with late afternoon rain.,rain,"03971099999,F4142,EIDW,03969099999,03967099999,EIME"
dublin,2021-03-24,11.5,4.9,7.9,11.5,1.5,5.8,3.7,75.3,1.288,100,16.67,rain,0,0,50,30.9,224.1,1015.8,59,21.4,123.4,10.7,5,,2021-03-24T06:17:24,2021-03-24T18:46:04,0.36,"Rain, Partially cloudy",Partly cloudy throughout the day with a chance of rain throughout the day.,rain,"03971099999,F6683,F4142,EIDW,03969099999,03967099999,EIME,03961099999"
dublin,2021-03-25,11.5,6.2,8.8,11.5,3,6.5,5.2,78.2,0.175,100,12.5,rain,0,0,58.7,33.1,217.7,1010,72.8,19.8,100.7,8.7,5,,2021-03-25T06:14:59,2021-03-25T18:47:53,0.39,"Rain, Partially cloudy",Partly cloudy throughout the day with rain.,rain,"03971099999,F4142,EIDW,03969099999,F8809,03967099999,EIME"
dublin,2021-03-26,9,1.9,5.2,5.6,-3.2,0.6,1.5,77.3,2.61,100,12.5,rain,0,0,68.4,39.5,245.5,1002.5,63.3,17,140.5,12.1,6,,2021-03-26T06:12:34,2021-03-26T18:49:42,0.43,"Rain, Partially cloudy",Partly cloudy throughout the day with a chance of rain throughout the day.,rain,"03971099999,F4142,EIDW,03969099999,F8809,03967099999,EIME"
dublin,2021-03-27,10,1.8,6.3,6.8,-3.4,2.2,2.6,77,0.183,100,8.33,"rain,snow",0,0,69.1,37.3,222.4,1013,75,19.7,104.5,9,4,,2021-03-27T06:10:09,2021-03-27T18:51:32,0.46,"Snow, Rain, Partially cloudy",Partly cloudy throughout the day with rain or snow.,rain,"03971099999,F6683,F4142,EIDW,03969099999,03967099999,EIME,03961099999"
dublin,2021-03-28,14.5,10,12.1,14.5,6.2,11.9,9.2,82.5,0.916,100,16.67,rain,0,0,70.9,38,228,1008.8,88.8,16.5,152.1,12.7,7,,2021-03-28T07:07:44,2021-03-28T19:53:21,0.5,"Rain, Partially cloudy",Partly cloudy throughout the day with a chance of rain throughout the day.,rain,"03971099999,F4142,EIDW,03969099999,F8809,03967099999,EIME"
dublin,2021-03-29,16,11.6,13.4,16,11.6,13.4,9.9,79.8,0.018,100,8.33,rain,0,0,72.4,35.5,229.7,1016.7,77.3,21,165.3,14.4,6,,2021-03-29T07:05:19,2021-03-29T19:55:10,0.52,"Rain, Partially cloudy",Partly cloudy throughout the day with rain.,rain,"03971099999,F6683,F4142,EIDW,03969099999,03967099999,EIME,03961099999"
dublin,2021-03-30,15,6.4,11.4,15,5.4,10.8,7.4,77.4,0,0,0,,0,0,44.3,25,200.2,1023.7,53.2,20.8,181.6,15.8,6,,2021-03-30T07:02:54,2021-03-30T19:56:59,0.56,Partially cloudy,Clearing in the afternoon.,partly-cloudy-day,"03971099999,F4142,EIDW,03969099999,03967099999,EIME"
dublin,2021-03-31,14.4,5.9,10.2,14.4,3.6,9.1,7.9,86.3,0,0,0,,0,0,19.4,16.5,230.9,1019.3,69.2,16.3,101,8.8,3,,2021-03-31T07:00:30,2021-03-31T19:58:48,0.59,Partially cloudy,Partly cloudy throughout the day.,partly-cloudy-day,"03971099999,F6683,F4142,EIDW,03969099999,03967099999,EIME"
dublin,2021-04-01,8.6,6.2,7.7,6,2.6,4.1,6,88.9,0,0,0,,0,0,51.8,30.8,62.7,1025.8,79.6,13.4,44.4,4.1,1,,2021-04-01T06:58:06,2021-04-01T20:00:36,0.63,Partially cloudy,Partly cloudy throughout the day.,partly-cloudy-day,"03971099999,F4142,EIDW,03969099999,F8809,03967099999,EIME,03961099999"
dublin,2021-04-02,8.9,1.3,6.1,6.3,-0.8,2.9,2.4,78.4,0,0,0,,0,0,39.2,23.9,65,1033,43.1,19.9,155,13.5,6,,2021-04-02T06:55:42,2021-04-02T20:02:25,0.66,Partially cloudy,Partly cloudy throughout the day.,partly-cloudy-day,"03971099999,F6683,F4142,EIDW,03969099999,03967099999,EIME,03961099999"
dublin,2021-04-03,10.9,-1.1,5.1,10.9,-3.7,3.6,1.8,81.2,0,0,0,,0,0,30.2,15.6,51.4,1035.1,24.1,18.8,197,17.1,6,,2021-04-03T06:53:18,2021-04-03T20:04:14,0.7,Partially cloudy,Partly cloudy throughout the day.,partly-cloudy-day,"03971099999,F6683,F4142,EIDW,03969099999,03967099999,EIME"
dublin,2021-04-04,12.9,-0.2,6.9,12.9,-2.7,5.2,3,77.4,0,0,0,,0,0.1,47.2,31.4,275,1027.1,37.4,19.5,172,14.8,6,,2021-04-04T06:50:55,2021-04-04T20:06:03,0.75,Partially cloudy,Becoming cloudy in the afternoon.,partly-cloudy-day,"03971099999,F6683,F4142,EIDW,03969099999,03967099999,EIME,03961099999"
dublin,2021-04-05,7.4,-1.4,4.2,3.2,-5.7,-0.3,-1.9,65.4,0.078,100,12.5,rain,0,0,52.9,30.7,327.1,1024.8,64.1,21.4,149.3,13,6,,2021-04-05T06:48:32,2021-04-05T20:07:52,0.77,"Rain, Partially cloudy",Partly cloudy throughout the day with a chance of rain throughout the day.,rain,"03971099999,F6683,F4142,EIDW,03969099999,03967099999,EIME,03961099999"
dublin,2021-04-06,7.4,-2.2,2.4,3,-8,-2.4,-2.2,73.7,0,0,0,,0,0.2,64,33,309.1,1026,56.6,20.7,122,10.5,5,,2021-04-06T06:46:10,2021-04-06T20:09:41,0.8,Partially cloudy,Partly cloudy throughout the day.,partly-cloudy-day,"03971099999,F6683,F4142,EIDW,03969099999,03967099999,EIME,03961099999"
dublin,2021-04-07,7.7,-0.1,4.4,6.1,-4.6,1.1,1.7,83.7,0.414,100,8.33,"rain,snow",0,0,35.6,21.7,274.2,1024.7,89.4,18.6,78.6,6.9,3,,2021-04-07T06:43:48,2021-04-07T20:11:29,0.84,"Snow, Rain, Partially cloudy",Partly cloudy throughout the day with rain or snow.,rain,"03971099999,F6683,F4142,EIDW,03969099999,03967099999,EIME"
dublin,2021-04-08,10.6,4.2,7.3,10.6,0.6,4.1,3.3,76.8,0.44,100,12.5,rain,0,0,57.6,30.8,246.6,1017.3,84.1,19.3,108.3,9.2,4,,2021-04-08T06:41:26,2021-04-08T20:13:18,0.87,"Rain, Partially cloudy",Partly cloudy throughout the day with rain.,rain,"03971099999,F6683,F4142,EIDW,03969099999,03967099999,EIME"
dublin,2021-04-09,7.2,0.8,4.8,5.1,-3.1,2.1,1.7,81,1.21,100,8.33,rain,0,0,41.4,22.1,331.5,1014,67.6,17.6,86.3,7.3,5,,2021-04-09T06:39:05,2021-04-09T20:15:07,0.91,"Rain, Partially cloudy",Partly cloudy throughout the day with rain.,rain,"03971099999,F6683,F4142,EIDW,03969099999,03967099999,EIME"
dublin,2021-04-10,6.9,-4.2,1.4,4.7,-8.9,-2.1,-2.7,76.2,0.099,100,4.17,rain,0,0,34.6,16.3,322.4,1017.7,32.4,25.5,122.4,10.4,5,,2021-04-10T06:36:44,2021-04-10T20:16:56,0.94,"Rain, Partially cloudy",Partly cloudy throughout the day with late afternoon rain.,rain,"03971099999,F6683,F4142,EIDW,03969099999,03967099999,EIME,03961099999"
dublin,2021-04-11,7.5,-2.7,2.5,4.5,-7.8,-1.5,-1.7,76,0.098,100,4.17,rain,0,0,40.7,23.1,297.9,1022.4,48.8,24.3,157.9,13.6,7,,2021-04-11T06:34:24,2021-04-11T20:18:44,0.98,"Rain, Partially cloudy",Becoming cloudy in the afternoon with late afternoon rain.,rain,"03971099999,F6683,F4142,EIDW,03969099999,03967099999,EIME,03961099999"
dublin,2021-04-12,8.9,2.3,5.4,7.2,-0.5,2.9,3.3,87,1.533,100,8.33,rain,0,0,29.2,17.9,264.3,1028.4,86.6,18.1,106,9,6,,2021-04-12T06:32:04,2021-04-12T20:20:33,0,"Rain, Partially cloudy",Partly cloudy throughout the day with rain.,rain,"03971099999,F4142,EIDW,03969099999,F8809,03967099999,EIME,03961099999"
dublin,2021-04-13,10.3,1.9,6.5,10.3,-0.5,4.7,3.1,79.9,0.322,100,4.17,rain,0,0,16.9,12.7,232.6,1032.3,54.8,24.8,130.6,11.2,6,,2021-04-13T06:29:46,2021-04-13T20:22:22,0.04,"Rain, Partially cloudy",Becoming cloudy in the afternoon with early morning rain.,rain,"03971099999,F6683,F4142,EIDW,03969099999,03967099999,EIME"
dublin,2021-04-14,11.4,2.4,6.8,11.4,0.4,6,2.9,77.9,0,0,0,,0,0,28.1,17.8,81,1033.5,34.6,22.6,216.9,18.7,7,,2021-04-14T06:27:27,2021-04-14T20:24:11,0.08,Partially cloudy,Partly cloudy throughout the day.,partly-cloudy-day,"03971099999,F4142,EIDW,03969099999,03967099999,EIME,03961099999"
dublin,2021-04-15,12,-0.5,6.4,12,-4,5,1.8,75,0.001,100,4.17,"rain,snow",0,0,29.5,18.3,126.9,1032.6,41,18.3,130.9,11.3,7,,2021-04-15T06:25:10,2021-04-15T20:26:00,0.11,"Snow, Rain, Partially cloudy",Becoming cloudy in the afternoon with morning rain or snow.,rain,"03971099999,F6683,F4142,EIDW,03969099999,03967099999,EIME"
dublin,2021-04-16,11.2,-0.7,6.1,11.2,-3.1,5,0,66.7,0,0,0,,0,0,34.6,25.6,166.5,1030.1,57.7,21.9,139.2,12.2,6,,2021-04-16T06:22:53,2021-04-16T20:27:48,0.14,Partially cloudy,Partly cloudy throughout the day.,partly-cloudy-day,"03971099999,F4142,EIDW,03969099999,03967099999,EIME"
dublin,2021-04-17,12.2,-1.2,6.7,12.2,-4.4,5.1,0.3,65.9,0,0,0,,0,0,46.4,26.9,173.4,1027.8,38.3,25.6,214.5,18.6,7,,2021-04-17T06:20:37,2021-04-17T20:29:37,0.18,Partially cloudy,Partly cloudy throughout the day.,partly-cloudy-day,"03971099999,F4142,EIDW,03969099999,03967099999,EIME"
dublin,2021-04-18,10.9,7,8.8,10.9,4.9,7.6,5.2,78.3,0.704,100,12.5,rain,0,0,30.2,15.8,193.5,1023.4,90.9,20.1,55.2,4.7,2,,2021-04-18T06:18:22,2021-04-18T20:31:26,0.21,"Rain, Overcast",Cloudy skies throughout the day with a chance of rain throughout the day.,rain,"03971099999,F4142,EIDW,03969099999,F8809,03967099999,EIME,03961099999"
dublin,2021-04-19,12.5,4.2,8.8,12.5,2.4,8.1,3.8,72.1,0.007,100,4.17,rain,0,0,30.2,18,168.5,1019.8,91.6,19.4,132.3,11.3,5,,2021-04-19T06:16:07,2021-04-19T20:33:14,0.24,"Rain, Overcast",Cloudy skies throughout the day with afternoon rain.,rain,"03971099999,F6683,F4142,EIDW,03969099999,03967099999,EIME"
dublin,2021-04-20,11.6,6.9,9.1,11.6,5.9,8.4,6,82,0.723,100,8.33,rain,0,0,22.7,17,61,1019.1,88.8,16.6,106.2,9,4,,2021-04-20T06:13:54,2021-04-20T20:35:03,0.25,"Rain, Partially cloudy",Partly cloudy throughout the day with rain.,rain,"03971099999,F4142,EIDW,03969099999,F8809,03967099999,EIME"
dublin,2021-04-21,12.5,4.5,8.4,12.5,2.5,7.1,5.3,81.3,0,0,0,,0,0,35.3,25.1,68.1,1021.6,62.7,13.3,155.8,13.4,6,,2021-04-21T06:11:41,2021-04-21T20:36:51,0.31,Partially cloudy,Partly cloudy throughout the day.,partly-cloudy-day,"03971099999,F4142,EIDW,03969099999,F8809,03967099999,EIME,03961099999"
dublin,2021-04-22,13.1,1.9,7.6,13.1,-0.1,6.5,2.9,74.8,0,0,0,,0,0,30.2,18.7,102.5,1025.6,31.3,16.2,233.7,20.1,7,,2021-04-22T06:09:29,2021-04-22T20:38:40,0.34,Partially cloudy,Partly cloudy throughout the day.,partly-cloudy-day,"03971099999,F6683,F4142,EIDW,03969099999,03967099999,EIME"
dublin,2021-04-23,14.4,0.3,7.9,14.4,-1.5,6.9,0.1,63.4,0,0,0,,0,0,37.1,21.1,102.9,1026,59.5,24,200.9,17.5,6,,2021-04-23T06:07:18,2021-04-23T20:40:28,0.38,Partially cloudy,Partly cloudy throughout the day.,partly-cloudy-day,"03971099999,F6683,F4142,EIDW,03969099999,03967099999,EIME"
dublin,2021-04-24,14.8,3.6,9.2,14.8,1.6,8.3,2.6,67.8,0,0,0,,0,0,35.3,24.8,95.8,1026.6,39.1,22.3,236.2,20.5,7,,2021-04-24T06:05:09,2021-04-24T20:42:16,0.41,Partially cloudy,Partly cloudy throughout the day.,partly-cloudy-day,"03971099999,F6683,F4142,EIDW,03969099999,03967099999,EIME,03961099999"
dublin,2021-04-25,10.9,3.2,7.6,10.9,1.6,5.9,3.9,78.6,0,0,0,,0,0,36,26.5,73.4,1029.2,26.5,15.5,221.7,19.3,8,,2021-04-25T06:03:00,2021-04-25T20:44:05,0.44,Partially cloudy,Partly cloudy throughout the day.,partly-cloudy-day,"03971099999,F6683,F4142,EIDW,03969099999,03967099999,EIME"
dublin,2021-04-26,16,0.7,9.3,16,-1.3,8.8,2.7,67.6,0,0,0,,0,0,28.1,19.5,292.3,1022.3,41.4,21.9,228.4,19.7,7,,2021-04-26T06:00:52,2021-04-26T20:45:52,0.48,Partially cloudy,Partly cloudy throughout the day.,partly-cloudy-day,"03971099999,F6683,F4142,EIDW,03969099999,03967099999,EIME"
dublin,2021-04-27,11.1,6.3,8.9,11.1,3.3,6.9,5.3,78.4,0.151,100,4.17,rain,0,0,42.5,27.5,342.1,1011.6,85.5,20.5,103.5,9,5,,2021-04-27T05:58:46,2021-04-27T20:47:40,0.5,"Rain, Partially cloudy",Partly cloudy throughout the day with afternoon rain.,rain,"03971099999,F6683,F4142,EIDW,03969099999,03967099999,EIME"
dublin,2021-04-28,10,5.6,7.4,7.1,1.4,3.7,2.4,71,0.546,100,4.17,rain,0,0,55.1,31.2,37.7,1012.7,83.7,20.8,114.3,9.8,4,,2021-04-28T05:56:41,2021-04-28T20:49:28,0.54,"Rain, Partially cloudy",Partly cloudy throughout the day with early morning rain.,rain,"03971099999,F4142,EIDW,03969099999,F8809,03967099999,EIME,03961099999"
dublin,2021-04-29,8.8,0.5,5.6,7.7,-3.3,3.4,1.9,78,1.486,100,8.33,rain,0,0,26.3,17.9,40,1014.4,76.5,21.7,168.6,14.7,7,,2021-04-29T05:54:37,2021-04-29T20:51:15,0.58,"Rain, Partially cloudy",Partly cloudy throughout the day with rain.,rain,"03971099999,F6683,F4142,EIDW,03969099999,03967099999,EIME,03961099999"
dublin,2021-04-30,9.4,-1.8,4.5,7.1,-5.3,2.1,0.7,78.2,0.79,100,8.33,"rain,snow",0,0,30.2,19.5,28.5,1017,48.1,21.6,162,13.8,7,,2021-04-30T05:52:34,2021-04-30T20:53:02,0.61,"Snow, Rain, Partially cloudy",Partly cloudy throughout the day with rain or snow.,rain,"03971099999,F6683,F4142,EIDW,03969099999,03967099999,EIME"
dublin,2021-05-01,10.4,-1.7,5.8,10.4,-5.1,4.2,0.2,70.1,0.05,100,8.33,"rain,snow",0,0,26.3,12.9,130.6,1018.3,63,24.2,152.5,13.1,6,,2021-05-01T05:50:33,2021-05-01T20:54:49,0.65,"Snow, Rain, Partially cloudy",Partly cloudy throughout the day with rain or snow.,rain,"03971099999,F6683,F4142,EIDW,03969099999,03967099999,EIME"
dublin,2021-05-02,11.9,2.6,8,11.9,-0.1,6.8,1.8,66.8,0,0,0,,0,0,23,17.8,245.4,1019.4,76.5,22.3,150.5,13,6,,2021-05-02T05:48:33,2021-05-02T20:56:35,0.68,Partially cloudy,Partly cloudy throughout the day.,partly-cloudy-day,"03971099999,F6683,F4142,EIDW,03969099999,03967099999,EIME,03961099999"
dublin,2021-05-03,11.9,6.1,8.1,11.9,2.2,5.2,4.9,80.7,8.231,100,12.5,rain,0,0,74.9,42.9,236.8,1000.5,85.4,14.6,104,9.2,6,,2021-05-03T05:46:34,2021-05-03T20:58:21,0.75,"Rain, Partially cloudy",Partly cloudy throughout the day with rain.,rain,"03971099999,F4142,EIDW,03969099999,F8809,03967099999,EIME"
dublin,2021-05-04,9.3,3.9,6.4,5.4,-0.5,1.7,2.3,75.7,2.319,100,12.5,rain,0,0,68.4,44.1,290,1003.6,66.1,18.6,187,16.2,7,,2021-05-04T05:44:37,2021-05-04T21:00:07,0.75,"Rain, Partially cloudy",Partly cloudy throughout the day with rain.,rain,"03971099999,F4142,EIDW,03969099999,03967099999,EIME"
dublin,2021-05-05,9.2,0.8,4.6,6.6,-3.4,1.1,1.7,82.7,1.805,100,12.5,rain,0,0,41.4,24.5,296.3,1010.3,60.2,17.8,136.5,11.7,7,,2021-05-05T05:42:42,2021-05-05T21:01:52,0.78,"Rain, Partially cloudy",Partly cloudy throughout the day with rain.,rain,"03971099999,F4142,EIDW,03969099999,03967099999,EIME"
dublin,2021-05-06,10.9,-1.5,4.9,10.9,-6.1,2.2,-1.2,68.2,0.863,100,8.33,"rain,snow",0,0,39.2,27,310.4,1009.6,33.8,20.1,192.2,16.6,7,,2021-05-06T05:40:48,2021-05-06T21:03:37,0.82,"Snow, Rain, Partially cloudy",Partly cloudy throughout the day with rain or snow.,rain,"03971099999,F4142,EIDW,03969099999,03967099999,EIME"
dublin,2021-05-07,10.2,0.6,5.9,10.2,-3.7,3.2,-0.2,67.1,0,0,0,,0,0,37.1,21.9,190,1014.6,36.5,22.9,214.8,18.6,8,,2021-05-07T05:38:55,2021-05-07T21:05:21,0.85,Partially cloudy,Partly cloudy throughout the day.,partly-cloudy-day,"03971099999,F4142,EIDW,03969099999,03967099999,EIME"
dublin,2021-05-08,17.5,5.6,10.9,17.5,0.8,9.2,6.5,75.9,15.8,100,12.5,rain,0,0,61.2,33.2,163.1,994.9,79.6,16.1,178.1,15.3,7,,2021-05-08T05:37:05,2021-05-08T21:07:04,0.89,"Rain, Partially cloudy",Partly cloudy throughout the day with a chance of rain throughout the day.,rain,"03971099999,F6683,F4142,EIDW,03969099999,F8809,03967099999,EIME"
dublin,2021-05-09,14.6,9.4,12,14.6,7,11.5,6.5,69.8,0.008,100,8.33,rain,0,0,66.6,35.9,181.7,987,66.4,16.5,150,12.9,7,,2021-05-09T05:35:16,2021-05-09T21:08:47,0.92,"Rain, Partially cloudy",Partly cloudy throughout the day with rain in the morning and afternoon.,rain,"03971099999,F6683,F4142,EIDW,03969099999,03967099999,EIME,03961099999"
dublin,2021-05-10,14.8,9,10.9,14.8,5.8,9.7,7.3,79.3,1.044,100,8.33,rain,0,0,56.9,30.6,184.2,989.1,82.5,16.2,203.4,17.4,9,,2021-05-10T05:33:28,2021-05-10T21:10:29,0.95,"Rain, Partially cloudy",Partly cloudy throughout the day with rain.,rain,"03971099999,F6683,F4142,EIDW,03969099999,03967099999,EIME"
dublin,2021-05-11,13.3,6.3,10.1,13.3,3.5,8.7,4.3,67.9,1.717,100,4.17,rain,0,0,45.4,26,168,1001.7,47,22.1,236.4,20.4,8,,2021-05-11T05:31:43,2021-05-11T21:12:11,0,"Rain, Partially cloudy",Partly cloudy throughout the day with early morning rain.,rain,"03971099999,F4142,EIDW,03969099999,03967099999,EIME,03961099999"
dublin,2021-05-12,11.7,1.7,7.5,11.7,0,6.7,4.4,81.6,1.726,100,4.17,rain,0,0,27,17.6,127.4,1005.9,64.9,20.5,167.3,14.3,7,,2021-05-12T05:30:00,2021-05-12T21:13:52,0.02,"Rain, Partially cloudy",Partly cloudy throughout the day with late afternoon rain.,rain,"03971099999,F4142,EIDW,03969099999,03967099999,EIME"
dublin,2021-05-13,13.5,2.7,8.7,13.5,1.2,8,5.6,82.6,0.075,100,4.17,rain,0,0,16.9,13.7,4.4,1009.5,56,19.7,159.5,13.7,6,,2021-05-13T05:28:18,2021-05-13T21:15:32,0.06,"Rain, Partially cloudy",Partly cloudy throughout the day with early morning rain.,rain,"03971099999,F4142,EIDW,03969099999,03967099999,EIME,03961099999"
dublin,2021-05-14,13.4,3.9,9.1,13.4,2.1,8.1,6.5,84.4,0.15,100,4.17,rain,0,0,36,19.2,172.1,1008.1,69.5,18.7,152.4,13,7,,2021-05-14T05:26:38,2021-05-14T21:17:11,0.09,"Rain, Partially cloudy",Partly cloudy throughout the day with late afternoon rain.,rain,"03971099999,F4142,EIDW,03969099999,03967099999,EIME"
dublin,2021-05-15,11.9,7.7,9.1,11.9,5.1,7.5,7.3,88.6,3.633,100,12.5,rain,0,0,41,21,114.2,997.5,88.1,16.2,85.8,7.3,4,,2021-05-15T05:25:01,2021-05-15T21:18:49,0.12,"Rain, Partially cloudy",Partly cloudy throughout the day with rain.,rain,"03971099999,F6683,F4142,EIDW,03969099999,03967099999,EIME"
dublin,2021-05-16,13.1,3.9,9.6,13.1,2.2,9.2,7.2,85.7,0.816,100,8.33,rain,0,0,27.4,16.3,41.5,996.3,64.5,16.4,273.8,23.7,8,,2021-05-16T05:23:26,2021-05-16T21:20:26,0.16,"Rain, Partially cloudy",Partly cloudy throughout the day with rain.,rain,"03971099999,F4142,EIDW,03969099999,F8809,03967099999,EIME"
dublin,2021-05-17,13.5,4.7,9.3,13.5,1.6,7.9,5.6,79.2,1.024,100,8.33,rain,0,0,34.6,21.1,273.1,1006.6,64.7,22.7,170,14.7,6,,2021-05-17T05:21:52,2021-05-17T21:22:02,0.19,"Rain, Partially cloudy",Partly cloudy throughout the day with rain.,rain,"03971099999,F4142,EIDW,03969099999,03967099999,EIME"
dublin,2021-05-18,13.3,5.5,9.4,13.3,3.4,8.4,5.7,78.6,2.379,100,8.33,rain,0,0,26.6,19,214,1011.9,56,23.5,164.2,14.1,6,,2021-05-18T05:20:21,2021-05-18T21:23:36,0.23,"Rain, Partially cloudy",Partly cloudy throughout the day with rain.,rain,"03971099999,F4142,EIDW,03969099999,F8809,03967099999,EIME,03961099999"
dublin,2021-05-19,15.6,4.9,10.6,15.6,2.1,9.5,5.2,71.7,1.133,100,4.17,rain,0,0,32.8,18.3,256.5,1017.7,41.4,25.6,213.6,18.2,8,,2021-05-19T05:18:53,2021-05-19T21:25:10,0.25,"Rain, Partially cloudy",Partly cloudy throughout the day with early morning rain.,rain,"03971099999,F6683,F4142,EIDW,03969099999,03967099999,EIME,03961099999"
dublin,2021-05-20,13.6,8.9,10.6,13.6,4.8,9.3,8.1,84.3,3.896,100,12.5,rain,0,0,76.7,40.7,166.5,997.1,89.2,12.6,103.1,8.8,5,,2021-05-20T05:17:26,2021-05-20T21:26:42,0.3,"Rain, Partially cloudy",Partly cloudy throughout the day with rain.,rain,"03971099999,F6683,F4142,EIDW,03969099999,03967099999,EIME,03961099999"
dublin,2021-05-21,10.9,8.1,9.6,10.9,3.8,7.5,7.9,89.6,10.962,100,12.5,rain,0,0,59,34.1,295.9,991.2,94.4,11.4,39.2,3.3,1,,2021-05-21T05:16:02,2021-05-21T21:28:13,0.33,"Rain, Overcast",Cloudy skies throughout the day with a chance of rain throughout the day.,rain,"03971099999,F6683,F4142,EIDW,03969099999,F8809,03967099999,EIME,03961099999"
dublin,2021-05-22,12.3,3,8.2,12.3,-1,5.8,3.6,73.7,0.003,100,4.17,rain,0,0,45,24.8,292,1005.2,72.8,23.9,168.7,14.6,8,,2021-05-22T05:14:41,2021-05-22T21:29:42,0.36,"Rain, Partially cloudy",Partly cloudy throughout the day with afternoon rain.,rain,"03971099999,F4142,EIDW,03969099999,F8809,03967099999,EIME"
dublin,2021-05-23,12.5,6.3,8.1,12.5,3.3,5.9,4.4,78,4.136,100,16.67,rain,0,0,55.4,31.6,200.7,998.9,82.7,19.9,138.3,12.2,8,,2021-05-23T05:13:21,2021-05-23T21:31:10,0.4,"Rain, Partially cloudy",Partly cloudy throughout the day with a chance of rain throughout the day.,rain,"03971099999,F4142,EIDW,03969099999,F8809,03967099999,EIME,03961099999"
dublin,2021-05-24,14,2.3,8.6,14,0,7.3,4.2,75.8,1.312,100,12.5,rain,0,0,49,34.3,291,1002.5,57,24.3,199.3,17.4,6,,2021-05-24T05:12:05,2021-05-24T21:32:36,0.43,"Rain, Partially cloudy",Partly cloudy throughout the day with rain.,rain,"03971099999,F4142,EIDW,03969099999,F8809,03967099999,EIME"
dublin,2021-05-25,13.5,6.7,10,13.5,3.2,8.7,6.4,78.6,3.893,100,12.5,rain,0,0,45.7,26.2,290.9,1014.9,57.5,18,168.4,14.5,5,,2021-05-25T05:10:51,2021-05-25T21:34:01,0.47,"Rain, Partially cloudy",Partly cloudy throughout the day with rain.,rain,"03971099999,F6683,F4142,EIDW,03969099999,03967099999,EIME"
dublin,2021-05-26,15.9,5.4,10.7,15.9,2.8,9.6,5.9,73.7,0,0,0,,0,0,25.6,15.2,290,1017,58.7,21.7,222.8,19.4,7,,2021-05-26T05:09:40,2021-05-26T21:35:24,0.5,Partially cloudy,Partly cloudy throughout the day.,partly-cloudy-day,"03971099999,F6683,F4142,EIDW,03969099999,F8809,03967099999,EIME"
dublin,2021-05-27,15.6,7.4,11.8,15.6,5.9,11.4,7.2,74.6,0.628,100,4.17,rain,0,0,38.9,21.1,161.5,1018.4,64.5,23.7,179.8,15.6,7,,2021-05-27T05:08:31,2021-05-27T21:36:45,0.53,"Rain, Partially cloudy",Partly cloudy throughout the day with late afternoon rain.,rain,"03971099999,F6683,F4142,EIDW,03969099999,F8809,03967099999,EIME"
dublin,2021-05-28,12.7,10.5,11.6,12.7,10.5,11.6,10.5,93.3,8.982,100,12.5,rain,0,0,23.4,20,144.6,1021.3,92.8,12,70.4,5.8,2,,2021-05-28T05:07:25,2021-05-28T21:38:04,0.57,"Rain, Overcast",Cloudy skies throughout the day with a chance of rain throughout the day.,rain,"03971099999,F4142,EIDW,03969099999,F8809,03967099999,EIME"
dublin,2021-05-29,17.1,9.6,13.1,17.1,9.6,13.1,9.8,81.1,0.007,100,4.17,rain,0,0,30.6,13.8,117.3,1026.5,76.5,20.4,199.1,17.3,7,,2021-05-29T05:06:22,2021-05-29T21:39:21,0.6,"Rain, Partially cloudy",Partly cloudy throughout the day with morning rain.,rain,"03971099999,F6683,F4142,EIDW,03969099999,F8809,03967099999,EIME,03961099999"
dublin,2021-05-30,20.1,6.6,14.4,20.1,5.5,14,9.1,73.2,0,0,0,,0,0,28.8,19.2,120,1026.8,22.8,19.7,289,24.9,8,,2021-05-30T05:05:22,2021-05-30T21:40:36,0.63,Partially cloudy,Partly cloudy throughout the day.,partly-cloudy-day,"03971099999,F6683,F4142,EIDW,03969099999,03967099999,EIME,03961099999"
dublin,2021-05-31,19.3,6.8,14.1,19.3,5.8,13.7,8.2,69.5,0,0,0,,0,0,41.8,25.5,140.2,1018.8,50.3,22.8,279.3,24.1,8,,2021-05-31T05:04:25,2021-05-31T21:41:49,0.67,Partially cloudy,Partly cloudy throughout the day.,partly-cloudy-day,"03971099999,F6683,F4142,EIDW,03969099999,03967099999,EIME"
dublin,2021-06-01,19.3,10.8,15.5,19.3,10.8,15.5,10.1,71.6,0,0,0,,0,0,29.2,22.1,89.8,1013.8,62.3,21.3,273,23.6,8,,2021-06-01T05:03:31,2021-06-01T21:43:00,0.7,Partially cloudy,Partly cloudy throughout the day.,partly-cloudy-day,"03971099999,F6683,F4142,EIDW,03969099999,03967099999,EIME,03961099999"
dublin,2021-06-02,18.1,10.9,14.7,18.1,10.9,14.7,11.1,79.5,0.017,100,4.17,rain,0,0,33.8,18.6,78,1011.6,81.2,18.9,111.2,9.5,3,,2021-06-02T05:02:40,2021-06-02T21:44:08,0.75,"Rain, Partially cloudy",Partly cloudy throughout the day with late afternoon rain.,rain,"03971099999,F6683,F4142,EIDW,03969099999,F8809,03967099999,EIME,03961099999"
dublin,2021-06-03,18.1,10.9,15,18.1,10.9,15,9.6,72,0.005,100,4.17,rain,0,0,53.3,27.6,182.3,1014.6,59.7,23.8,243.4,20.9,10,,2021-06-03T05:01:52,2021-06-03T21:45:14,0.77,"Rain, Partially cloudy",Partly cloudy throughout the day with late afternoon rain.,rain,"03971099999,F6683,F4142,EIDW,03969099999,03967099999,EIME"
dublin,2021-06-04,18.2,9.1,13.7,18.2,6.9,13.3,7,65,0.009,100,4.17,rain,0,0,40.3,19.7,190.6,1021,58.3,28.5,196.2,16.9,7,,2021-06-04T05:01:07,2021-06-04T21:46:18,0.8,"Rain, Partially cloudy",Partly cloudy throughout the day with early morning rain.,rain,"03971099999,F6683,F4142,EIDW,03969099999,03967099999,EIME"
dublin,2021-06-05,16.2,10.2,13.7,16.2,10.2,13.7,10,78.6,0.079,100,8.33,rain,0,0,35.6,19.7,205,1022.3,78.5,19.7,115.2,9.5,4,,2021-06-05T05:00:25,2021-06-05T21:47:19,0.83,"Rain, Partially cloudy",Partly cloudy throughout the day with rain in the morning and afternoon.,rain,"03971099999,F6683,F4142,EIDW,03969099999,03967099999,EIME"
dublin,2021-06-06,16.7,6.9,12.1,16.7,5.4,11.5,7.7,75.6,0,0,0,,0,0,20.2,14,190.3,1025.3,58.2,23.9,132.3,11.3,7,,2021-06-06T04:59:47,2021-06-06T21:48:17,0.87,Partially cloudy,Partly cloudy throughout the day.,partly-cloudy-day,"03971099999,F6683,F4142,EIDW,03969099999,03967099999,EIME"
dublin,2021-06-07,18.5,8.6,13.9,18.5,8.5,13.9,8.2,70.2,0,0,0,,0,0,37.8,21,197.7,1021.5,70.1,26.6,219.4,19,7,,2021-06-07T04:59:11,2021-06-07T21:49:13,0.9,Partially cloudy,Partly cloudy throughout the day.,partly-cloudy-day,"03971099999,F6683,F4142,EIDW,03969099999,03967099999,EIME,03961099999"
dublin,2021-06-08,18.5,12.1,15.6,18.5,12.1,15.6,11.3,75.8,0,0,0,,0,0,55.4,26.4,191,1019.8,80.9,25.1,147.3,12.7,6,,2021-06-08T04:58:39,2021-06-08T21:50:06,0.93,Partially cloudy,Partly cloudy throughout the day.,partly-cloudy-day,"03971099999,F4142,EIDW,03969099999,F8809,03967099999,EIME,03961099999"
dublin,2021-06-09,20.4,14.1,17.4,20.4,14.1,17.4,14.1,81.5,0.001,100,4.17,rain,0,0,53.6,25.7,193.7,1016.3,81.7,21.8,136.8,11.6,6,,2021-06-09T04:58:10,2021-06-09T21:50:56,0.97,"Rain, Partially cloudy",Partly cloudy throughout the day with morning rain.,rain,"03971099999,F6683,F4142,EIDW,03969099999,03967099999,EIME"
dublin,2021-06-10,21.2,14.3,17.8,21.2,14.3,17.8,14.1,79.7,0,0,0,,0,0,58.3,33,214,1014.6,67.1,23,212.6,18.3,6,,2021-06-10T04:57:45,2021-06-10T21:51:44,0,Partially cloudy,Partly cloudy throughout the day.,partly-cloudy-day,"03971099999,F6683,F4142,EIDW,03969099999,03967099999,EIME,03961099999"
dublin,2021-06-11,17.4,12.7,15.6,17.4,12.7,15.6,10.5,72.3,0.003,100,4.17,rain,0,0,46.4,30.9,254.8,1016.6,69.3,20.9,206.5,17.9,6,,2021-06-11T04:57:22,2021-06-11T21:52:28,0.04,"Rain, Partially cloudy",Partly cloudy throughout the day with early morning rain.,rain,"03971099999,F6683,F4142,EIDW,03969099999,03967099999,EIME,03961099999"
dublin,2021-06-12,19.3,10.1,14.8,19.3,10.1,14.8,10.5,76.2,0,0,0,,0,0,31,18.5,254.2,1024.4,82.7,25.1,159.3,13.8,5,,2021-06-12T04:57:03,2021-06-12T21:53:10,0.07,Partially cloudy,Partly cloudy throughout the day.,partly-cloudy-day,"03971099999,F4142,EIDW,03969099999,F8809,03967099999,EIME"
dublin,2021-06-13,23,13.5,19,23,13.5,19,14,73.2,0.003,100,4.17,rain,0,0,40.3,20.4,248.7,1024.3,82.2,23.7,147.5,12.7,8,,2021-06-13T04:56:48,2021-06-13T21:53:48,0.1,"Rain, Partially cloudy",Partly cloudy throughout the day with late afternoon rain.,rain,"03971099999,F6683,F4142,EIDW,03969099999,03967099999,EIME,03961099999"
dublin,2021-06-14,17.2,11.4,14.4,17.2,11.4,14.4,9.3,72.5,0.08,100,4.17,rain,0,0,42.5,28.7,276.9,1022.4,80.4,19.2,209.3,18,7,,2021-06-14T04:56:36,2021-06-14T21:54:23,0.14,"Rain, Partially cloudy",Partly cloudy throughout the day with morning rain.,rain,"03971099999,F4142,EIDW,03969099999,F8809,03967099999,EIME"
dublin,2021-06-15,21.9,6.2,15,21.9,5.1,14.9,9.3,71.3,0,0,0,,0,0,46.8,28.6,204.9,1018.4,67,26.4,289.3,25.2,9,,2021-06-15T04:56:27,2021-06-15T21:54:55,0.17,Partially cloudy,Partly cloudy throughout the day.,partly-cloudy-day,"03971099999,F6683,F4142,EIDW,E7034,03969099999,03967099999,EIME"
dublin,2021-06-16,18,10.8,14.5,18,10.8,14.5,10.2,76.8,0.514,100,12.5,rain,0,0,40.3,20.6,233.2,1009.9,87.9,22.3,148,12.7,5,,2021-06-16T04:56:22,2021-06-16T21:55:24,0.21,"Rain, Partially cloudy",Partly cloudy throughout the day with a chance of rain throughout the day.,rain,"03971099999,F4142,EIDW,03969099999,F8809,03967099999,EIME"
dublin,2021-06-17,17.6,8.2,13,17.6,5.8,12.5,7.5,71.1,0,0,0,,0,0,32,20.8,289.3,1014.1,63.8,26.2,205.3,17.8,8,,2021-06-17T04:56:20,2021-06-17T21:55:50,0.24,Partially cloudy,Partly cloudy throughout the day.,partly-cloudy-day,"03971099999,F6683,F4142,EIDW,03969099999,03967099999,EIME,03961099999"
dublin,2021-06-18,15,4.8,11.1,15,2.4,10.4,5.5,70.1,0,0,0,,0,0,32.4,15.8,352.4,1019.2,56.3,25.6,192.1,16.5,6,,2021-06-18T04:56:21,2021-06-18T21:56:12,0.25,Partially cloudy,Partly cloudy throughout the day.,partly-cloudy-day,"03971099999,F6683,F4142,EIDW,03969099999,03967099999,EIME"
dublin,2021-06-19,17.4,4.4,11.9,17.4,2.5,11.5,6.9,73.6,0,0,0,,0,0,36,23.6,112.7,1013.1,67.6,25.4,257.9,22.3,10,,2021-06-19T04:56:26,2021-06-19T21:56:31,0.31,Partially cloudy,Partly cloudy throughout the day.,partly-cloudy-day,"03971099999,F4142,EIDW,03969099999,03967099999,EIME"
dublin,2021-06-20,16.2,10.9,14.2,16.2,10.9,14.2,10.2,77.7,0,0,0,,0,0,40.3,23.5,67.8,1010.6,68.3,20.4,256.1,22.3,8,,2021-06-20T04:56:34,2021-06-20T21:56:47,0.35,Partially cloudy,Partly cloudy throughout the day.,partly-cloudy-day,"03971099999,F6683,F4142,EIDW,03969099999,03967099999,EIME,03961099999"
dublin,2021-06-21,17.4,9.2,12.7,17.4,7.1,12.2,5.9,65.6,0,0,0,,0,0,51.1,24.2,2.5,1018,52,25.2,259,22.3,8,,2021-06-21T04:56:45,2021-06-21T21:56:59,0.38,Partially cloudy,Clearing in the afternoon.,partly-cloudy-day,"03971099999,F6683,F4142,EIDW,03969099999,03967099999,EIME,03961099999"
dublin,2021-06-22,17.7,5.2,11.6,17.7,2.8,10.8,5.6,69.3,0.003,100,4.17,rain,0,0,33.5,24.2,289.4,1024.3,67.7,20.8,246.8,21.2,9,,2021-06-22T04:57:00,2021-06-22T21:57:08,0.42,"Rain, Partially cloudy",Partly cloudy throughout the day with late afternoon rain.,rain,"03971099999,F6683,F4142,EIDW,03969099999,03967099999,EIME"
dublin,2021-06-23,18.5,9.8,13.6,18.5,7.9,13.2,12.5,93.1,6.3,100,12.5,rain,0,0,26.3,17.5,254.5,1024.5,94.4,12,83.9,7.2,3,,2021-06-23T04:57:18,2021-06-23T21:57:13,0.45,"Rain, Overcast",Cloudy skies throughout the day with a chance of rain throughout the day.,rain,"03971099999,F4142,EIDW,03969099999,F8809,03967099999,EIME"
dublin,2021-06-24,18.4,11.1,14.9,18.4,11.1,14.9,12.8,87.5,1.05,100,8.33,rain,0,0,41.8,29.1,263.4,1022.2,85.5,14.2,148.2,12.7,7,,2021-06-24T04:57:39,2021-06-24T21:57:15,0.5,"Rain, Partially cloudy",Partly cloudy throughout the day with rain.,rain,"03971099999,F4142,F4343,EIDW,03969099999,03967099999,EIME,03961099999"
dublin,2021-06-25,13.6,9.4,11,13.6,6.2,10.5,7.8,80.9,1.587,100,12.5,rain,0,0,52.9,28.8,334,1020.6,88.1,16.4,52.8,4.4,2,,2021-06-25T04:58:04,2021-06-25T21:57:14,0.52,"Rain, Partially cloudy",Partly cloudy throughout the day with rain.,rain,"03971099999,F6683,F4142,EIDW,03969099999,03967099999,EIME,03961099999"
dublin,2021-06-26,14.1,9,11.8,14.1,6.8,11.4,9,83,1.576,100,4.17,rain,0,0,50,25,28,1021.5,80,21.6,92.5,7.8,3,,2021-06-26T04:58:32,2021-06-26T21:57:09,0.56,"Rain, Partially cloudy",Partly cloudy throughout the day with early morning rain.,rain,"03971099999,F4142,EIDW,03969099999,03967099999,EIME,03961099999"
dublin,2021-06-27,17.9,7.8,13.2,17.9,6,12.8,10,82,0,0,0,,0,0,43.9,21.6,37.4,1020.4,66.2,25.3,244,21.3,9,,2021-06-27T04:59:02,2021-06-27T21:57:01,0.59,Partially cloudy,Partly cloudy throughout the day.,partly-cloudy-day,"03971099999,F6683,F4142,EIDW,03969099999,03967099999,EIME"
dublin,2021-06-28,19.1,9.4,14.1,19.1,8.3,14,9.8,76.2,0,0,0,,0,0,29.9,16.3,13.6,1018.3,79.6,29.9,184,15.9,5,,2021-06-28T04:59:36,2021-06-28T21:56:49,0.62,Partially cloudy,Partly cloudy throughout the day.,partly-cloudy-day,"03971099999,F6683,F4142,EIDW,03969099999,03967099999,EIME,03961099999"
dublin,2021-06-29,22.3,8.8,14.8,22.3,7.1,14.5,10.4,76.6,0,0,0,,0,0,28.4,14.9,346.9,1018.6,65.9,19.2,264.4,22.7,8,,2021-06-29T05:00:13,2021-06-29T21:56:34,0.65,Partially cloudy,Partly cloudy throughout the day.,partly-cloudy-day,"03971099999,F4142,EIDW,03969099999,F8809,03967099999,EIME,03961099999"
dublin,2021-06-30,18.9,9.7,13.4,18.9,8.2,13.2,10.3,82.7,0,0,0,,0,0,22,16.2,330.5,1019,64.5,16.9,247.5,21,8,,2021-06-30T05:00:53,2021-06-30T21:56:16,0.69,Partially cloudy,Partly cloudy throughout the day.,partly-cloudy-day,"03971099999,F4142,EIDW,03969099999,F8809,03967099999,EIME,03961099999"
